{
    "learningrate": 1.0,
    "init": [
        -1.0,
        -1.0
    ],
    "rewards": [
        [
            [
                1.0,
                2.0
            ],
            [
                2.0,
                1.0
            ]
        ],
        [
            [
                2.0,
                1.0
            ],
            [
                1.0,
                2.0
            ]
        ]
    ],
    "g_logits": [
        [
            -1.0,
            -1.0
        ],
        [
            -0.9091422523270516,
            -1.0908577476729484
        ]
    ],
    "g_utilities": [
        [
            1.3932238664829637,
            1.6067761335170363
        ],
        [
            1.3942077784481934,
            1.6057922215518063
        ]
    ],
    "c_logits": [
        [
            -1.0,
            -1.0
        ],
        [
            -0.9091422523270516,
            -1.0908577476729484
        ]
    ],
    "c_utilities": [
        [
            1.3932238664829637,
            1.6067761335170363
        ],
        [
            1.3942077784481934,
            1.6057922215518063
        ]
    ]
}